"conversation_id_str","created_at","favorite_count","full_text","id_str","image_url","in_reply_to_screen_name","lang","location","quote_count","reply_count","retweet_count","tweet_url","user_id_str","username"
"2066940137792266732","2026-06-16T17:45:05.000Z","0","@JNECare ini sudah gak wajar sih, kalian kayaknya sudah harus berbenah jika mau tetep bertahan, atau mau tutup aja sekalian. https://t.co/2izHnAHup5","2066940137792266732","https://pbs.twimg.com/media/HK8_GJ-aYAAqw4K.jpg","JNECare","in","","0","2","0","https://x.com/LerengGunungUng/status/2066940137792266732","610668376","LerengGunungUng"
"2066630869968957592","2026-06-15T21:16:10.000Z","0","Hati hati guys, ternyata @JNECare  bohong. Saya kirim barang dengan service yes dengan harga lumayan ternyata kiriman tidak sesuai estimasi yang dijanjikan, claim lah ongkos kirim ternyata sampai sekarang hampir 1 bulan emang ga balik kayanya. https://t.co/JfNNmpjw3v","2066630869968957592","https://pbs.twimg.com/media/HK4l0fZbwAAPEVm.jpg","","in","","0","2","0","https://x.com/gabisaSebentar/status/2066630869968957592","1453789459","gabisaSebentar"
"2066689829040177256","2026-06-16T01:10:27.000Z","1","cek dm min
@JNECare","2066689829040177256","","","in","","0","3","0","https://x.com/itsmeends/status/2066689829040177256","1385498580203360258","itsmeends"
"2065277967249605007","2026-06-12T03:45:00.000Z","0","@yogatrand @JNECare Hai kak, untuk layanan pengaduan kendalanya langsung di klik whatsApp bawah ini

WhatsApp: 0851-4847-5357 

Thanks' Jennifer.","2065279173456007618","","yogatrand","in","","0","0","0","https://x.com/Elnovfree/status/2065279173456007618","1933180484","Elnovfree"
"2066862532799951185","2026-06-16T12:36:42.000Z","0","@JNECare cek DM min","2066862532799951185","","JNECare","in","","0","1","0","https://x.com/kulipanggill/status/2066862532799951185","1760601556326719488","kulipanggill"
"2065285047226376655","2026-06-12T10:19:38.000Z","0","@Ominous_Aim @JNECare Hai kak, untuk layanan pengaduan kendalanya langsung di klik whatsApp bawah ini

WhatsApp: 0851-4847-5357 

Thanks;Jennifer","2065378487431823390","","Ominous_Aim","in","","0","0","0","https://x.com/Elnovfree/status/2065378487431823390","1933180484","Elnovfree"
"2066959256482701562","2026-06-16T19:01:03.000Z","0","@JNECare paket salah satu buyer aku ngestuck di tempat sortir domisilku udah 2 hari padahal aku drop paketnya barengan sama paket buyerku yang lain dan paket buyerku yang lain udah jalan ke kota lain, solusinya gimana ya? tolong tindak lanjutnya.","2066959256482701562","","JNECare","in","","0","0","0","https://x.com/mngidam/status/2066959256482701562","1330171284802727938","mngidam"
"2064528279948939456","2026-06-10T02:01:13.000Z","0","jne lg kenapa dah paketnya lama bgt stuck??? @JNECare","2064528279948939456","","","in","","0","7","0","https://x.com/pirdudumps/status/2064528279948939456","1367092050827468801","pirdudumps"
"2066761404322111979","2026-06-16T05:54:52.000Z","0","@jnecare pegawainya dapet wewenang dari mana nyoret paket saya begini?","2066761404322111979","","JNECare","in","","0","4","0","https://x.com/nindri14/status/2066761404322111979","771238377458806784","nindri14"
"2066784158819721658","2026-06-16T07:25:17.000Z","0","@JNECare hallo min mau laporan, ini pesanan saya status sudah terkirim dari kemarin tapi sampai saat ini belum saya terima!! https://t.co/zdWKTce42U","2066784158819721658","https://pbs.twimg.com/media/HK6xPKMbsAAOKD5.jpg","JNECare","in","","0","3","0","https://x.com/septinhda/status/2066784158819721658","266425543","septinhda"
"2066592529139830798","2026-06-15T18:43:49.000Z","0","@JNECare kindly cdm, min","2066592529139830798","","JNECare","in","","0","2","0","https://x.com/thalasabloom/status/2066592529139830798","1417742152784744448","thalasabloom"
"2065439969506996592","2026-06-12T14:23:57.000Z","0","@JNECare sekelas JNE jasa kurir tapi kok bisa ya paketnya hilang? mana ga ada tanggung jawabnya lagi buat ganti barang tsb. padahal itu barang beli langsung di Jepang, ya kali gue harus balik ke Jepang lagi","2065439969506996592","","JNECare","in","","0","2","0","https://x.com/cutiepiedoyy/status/2065439969506996592","1799798529373929472","cutiepiedoyy"
"2060293631463080041","2026-05-29T09:34:14.000Z","2","selalu nyesel pake jne next day gapernah sesuai sama estimasi yg dikasih, selalu h+1 dari estimasi awal. nyepelein banget sama voucher 10rb lo itu monyed @JNECare @JNE_ID","2060293631463080041","","","in","","0","2","0","https://x.com/buBBiyyyyyy/status/2060293631463080041","1183300777101512705","buBBiyyyyyy"
"2066689584977899554","2026-06-16T01:09:28.000Z","0","Demi allah najis bangetttt sama pelayanan jne @JNECare gaada konfirmasi apapun tiba-tiba paket yg aku pesen dikirim lagi ke penjual nya alasannya penerima tidak dikenal, lu ada ngehubungin gue aja kaga anjj pantesan aja sekarang cabang nya jne makin berkurang","2066689584977899554","","","in","","0","3","0","https://x.com/Bangbanghitt/status/2066689584977899554","4344435913","Bangbanghitt"
"2066532839710163376","2026-06-15T14:46:37.000Z","0","@JNECare Tolong cdm urgent","2066532839710163376","","JNECare","in","","0","2","0","https://x.com/KONlMEX/status/2066532839710163376","1359765866800246792","KONlMEX"
"2066725392740995117","2026-06-16T03:31:46.000Z","0","@JNECare cek dm","2066725392740995117","","JNECare","tr","","0","4","0","https://x.com/HanafiAli1306/status/2066725392740995117","2971465064","HanafiAli1306"
"2066785865658212516","2026-06-16T07:32:04.000Z","0","Kurir paling worse @JNE_ID @JNECare beli dari tanggal 5 malam, sampe tanggal 16 masih di pontang-panting ga jelas, progressnya buruk banget 😂 https://t.co/bzVrZA5YyB","2066785865658212516","https://pbs.twimg.com/media/HK6yyfraMAEichP.jpg","","in","","0","3","0","https://x.com/irregularwyss/status/2066785865658212516","1128774880030150656","irregularwyss"
"2060206573356740646","2026-05-29T03:48:18.000Z","0","tolong dibantu pergerakannya agak cepat supaya paket dari sortir gateway jakarta bisa sampai hari ini @JNECare","2060206573356740646","","","in","","0","2","0","https://x.com/paineapplee/status/2060206573356740646","263474609","paineapplee"
"2062124674629411326","2026-06-03T10:50:09.000Z","0","Ini JNE emang bgini ya kalo ngirim paket ? Ga ada bukti diterima kayak foto dll ? Masa di tracking barang sudah diterima yang bersangkutan tapi ga ada info, tah menghubungi atau telpon, bukti fotonyapun ga ada. Ditanya CS cuma jawab bgini @JNECare @JNE_ID https://t.co/sqmuAery9y","2062124674629411326","https://pbs.twimg.com/media/HJ4jdaQbEAAoN2K.jpg","","in","","0","6","0","https://x.com/salwrmf/status/2062124674629411326","1024325449780932609","salwrmf"
"2066729228905930792","2026-06-16T03:47:00.000Z","0","@JNECare paket JTR saya di proses di transit balikpapan sampe 8 hari tuh lagi diapain ya?","2066729228905930792","","JNECare","in","","0","3","0","https://x.com/yogke/status/2066729228905930792","58798288","yogke"
"2062752692901142612","2026-06-05T04:25:40.000Z","0","hi @JNECare  pake saya 3 hari sorting terus, banyak ya yg di sortir?","2062752692901142612","","","in","","0","3","0","https://x.com/wastanami/status/2062752692901142612","387846995","wastanami"
"2061802993058730285","2026-06-02T13:31:54.000Z","0","Min cdm yaa 
@JNECare","2061802993058730285","","","in","","0","3","0","https://x.com/cowlisious/status/2061802993058730285","1594658198489006081","cowlisious"
"2066831362636792056","2026-06-16T10:32:51.000Z","0","@JNECare cek dm","2066831362636792056","","JNECare","tr","","0","1","0","https://x.com/cigaftrsad/status/2066831362636792056","1422061662278873089","cigaftrsad"
"2066133411211903421","2026-06-14T12:19:26.000Z","0","@JNECare cdm min plisss","2066133411211903421","","JNECare","ht","","0","1","0","https://x.com/qgooxie/status/2066133411211903421","1522500141223079937","qgooxie"
"2064208792393584787","2026-06-09T04:51:41.000Z","0","Halo @JNE_ID @JNECare kok paket saya ga ada progress ya?","2064208792393584787","","","in","","0","6","0","https://x.com/JimWicaks27/status/2064208792393584787","3157244076","JimWicaks27"
"2061730885423243571","2026-06-02T08:45:22.000Z","0","Kapan ya mau dianter? Lama banget gak dianter2 tu paket @JNECare 017490027120526","2061730885423243571","","","in","","0","1","0","https://x.com/nizarnobbi/status/2061730885423243571","84043778","nizarnobbi"
"2061626623615758797","2026-06-02T01:51:04.000Z","0","Tolong ya resi 017490027120526 jangan bohong dibuat Undel, padahal memang gak diantar kalian. Bisa diterima paketnya pagi ini juga? @JNECare","2061626623615758797","","","in","","0","2","0","https://x.com/nizarnobbi/status/2061626623615758797","84043778","nizarnobbi"
"2066673998013022446","2026-06-16T00:07:32.000Z","0","@JNECare tolong dong masa paket udah 3 hari nggak ada pergerakan alias stuck di SGD surabayaa ituuuh 🥲","2066673998013022446","","JNECare","in","","0","3","0","https://x.com/Owwwwdeesy/status/2066673998013022446","2400937640","Owwwwdeesy"
"2065015106610897135","2026-06-11T10:15:42.000Z","0","@JNECare lelet bgt JNE trucking, mana tiba2 status pesanan gagal kirim karena tidak ada orang di rumah padahal gada kurir sama sekali ke rumah","2065015106610897135","","JNECare","in","","0","5","0","https://x.com/adultingsucc/status/2065015106610897135","1055057703251337218","adultingsucc"
"2061666169996919152","2026-06-02T04:28:13.000Z","0","Min @JNECare ini data bisa bocor nih dr pihak JNE yang ngaco apa gimana sih? Modus nipu2 begini udah basi nih, dapet juga gue ternyata WA beginian https://t.co/E1WhissLf6","2061666169996919152","https://pbs.twimg.com/media/HJyCc_xbgAANn4S.jpg","","in","","0","2","0","https://x.com/reremifasolasi/status/2061666169996919152","53692226","reremifasolasi"
"2066133301182808143","2026-06-14T12:19:00.000Z","0","@JNECare cdm ka","2066133301182808143","","JNECare","it","","0","1","0","https://x.com/qgooxie/status/2066133301182808143","1522500141223079937","qgooxie"
"2065440844405256208","2026-06-12T14:27:25.000Z","0","@JNECare hati-hati aja yg mau kirim paket di shopee tapi pakai jasa kurir JNE karna kurir mereka juga sama aja Maling dan ga ada tanggung jawabnya","2065440844405256208","","JNECare","in","","0","3","0","https://x.com/cutiepiedoyy/status/2065440844405256208","1799798529373929472","cutiepiedoyy"
"2066442396083367942","2026-06-15T08:47:14.000Z","0","Selamat sore @JNECare  bisa minta tolong di lacakin, paket saya kok dari tgl 11 juni masih diem aja gak ada update lg.","2066442396083367942","","","in","","0","1","0","https://x.com/awanprapatan/status/2066442396083367942","127651329","awanprapatan"
"2061645611305455704","2026-06-02T03:06:31.000Z","0","Cek DM @JNECare","2061645611305455704","","","tr","","0","2","0","https://x.com/InneKur/status/2061645611305455704","111570457","InneKur"
"2062844358261698896","2026-06-05T10:29:55.000Z","0","minnn @JNECare saya mau cek resi gabisa krn katanya No. HP ga sesuai, padahal udh sesuai. ini mau cek paket, status nya udh sampe tapi pihak kantor nya belum nerima barangnyaaaaaaa","2062844358261698896","","","in","","0","5","0","https://x.com/darkwonc/status/2062844358261698896","1154033890140360705","darkwonc"
"2064666950232600746","2026-06-10T11:12:15.000Z","0","@JNECare jne trucking lelet, pesanan 1x24 gak jalan","2064666950232600746","","JNECare","in","","0","5","0","https://x.com/lukmanhayt/status/2064666950232600746","407112632","lukmanhayt"
"2066946875241201823","2026-06-16T18:11:51.000Z","0","Tolong paket saya jangan di pendem di megahub yah @JNECare","2066946875241201823","","","in","","0","3","0","https://x.com/Fujiwararyu28/status/2066946875241201823","323188213","Fujiwararyu28"
"2059453420587856228","2026-05-27T01:55:32.000Z","0","Di mohon utk menginstruksikan seluruh agen JNE yg Beroperasi / msh Aktif utk mencantumkan nomer WA yg bisa di hubungi agar pelanggan tidak ""KECEWA"" saat akan mengantakan Paket ketika sampai di agen JNE ternyata agen nya TUTUP. Khusus nya agen - agen JNE di daerah.
@JNECare","2059453420587856228","","","in","","0","1","0","https://x.com/SAKTI1645/status/2059453420587856228","1308367002793197568","SAKTI1645"
"2063853150138937458","2026-06-08T05:18:30.000Z","0","Cek dm min
@JNECare","2063853150138937458","","","in","","0","3","0","https://x.com/Alfita_Y/status/2063853150138937458","77889943","Alfita_Y"
"2060318206020210724","2026-05-29T11:11:53.000Z","0","min tolong kurir / staf nya di kondisikan yaa @JNECare https://t.co/DeAHZHF99v","2060318206020210724","https://pbs.twimg.com/media/HJe4eOqb0AAqE7B.jpg","","in","","0","1","0","https://x.com/_fnir/status/2060318206020210724","375086902","_fnir"
"2058388257201893741","2026-05-24T06:38:03.000Z","1","@JinoJiwan @JNECare Hai kak JinoJiwan, maaf ya udah bikin ga nyaman terkait kendala pengiriman. Agar bisa aku bantu cek lbh lanjut, boleh infoin username &amp; nomor pesanan yg berkendala ke DM ya kak. Stay safe ^BL","2058437352096518471","","JinoJiwan","in","","0","0","0","https://x.com/ShopeeID/status/2058437352096518471","2983890506","ShopeeID"
"2060567701349925119","2026-05-30T03:43:18.000Z","0","Halo @JNECare paket aku stuck sejak 22 mei kemaren, tolong jalan keluarnya, paketnya urgent!","2060567701349925119","","","in","","0","2","0","https://x.com/sundoorii/status/2060567701349925119","1590681291329978369","sundoorii"
"2064196575547855218","2026-06-09T04:03:09.000Z","0","Baru kali ini checkout di @tokopedia @TokopediaCare dapet WA penipuan dari @JNE_ID @JNECare kok bisa bocor gini datanya , ada yang main ini pihak @JNECare tau nominal besar paketnya langsung dapet WA kyk gini https://t.co/E10QSfkPrA","2064196575547855218","https://pbs.twimg.com/media/HKV_2MMaoAATPHW.jpg","","in","","0","5","0","https://x.com/SuryaSH_/status/2064196575547855218","633642415","SuryaSH_"
"2065024900864307668","2026-06-11T10:54:37.000Z","0","cepet buka dmmmmm @JNECare","2065024900864307668","","","in","","0","2","0","https://x.com/sincossetan/status/2065024900864307668","1255866966201430017","sincossetan"
"2061461853633691961","2026-06-01T14:56:20.000Z","0","halo @JNECare mau tanya soal paket yg salah alamat (kurir salah rumah), mohon dm ya","2061461853633691961","","","in","","0","4","0","https://x.com/liminoverse/status/2061461853633691961","1645037840206815233","liminoverse"
"2065961085237358948","2026-06-14T00:54:41.000Z","0","@JNECare cdm ka urgent","2065961085237358948","","JNECare","und","","0","4","0","https://x.com/qgooxie/status/2065961085237358948","1522500141223079937","qgooxie"
"2064197917481795856","2026-06-09T04:08:29.000Z","0","Halo kak barang saya nge stuck. Seharusnya hari ini sudah sampai. Bagaimana ya?
@JNECare","2064197917481795856","","","in","","0","3","0","https://x.com/moondylight/status/2064197917481795856","1487270243248402432","moondylight"
"2058027186922430770","2026-05-23T03:28:12.000Z","0","Admin @JNECare, tolong cek dm, plsss","2058027186922430770","","","in","","0","3","0","https://x.com/dailyof_far/status/2058027186922430770","2769189740","dailyof_far"
"2066383890848399823","2026-06-15T04:54:45.000Z","0","@JNECare min plis cdm 😭😭urgent","2066383890848399823","","JNECare","in","","0","1","0","https://x.com/qgooxie/status/2066383890848399823","1522500141223079937","qgooxie"
"2063923703206002925","2026-06-08T09:58:51.000Z","0","Anjing banget dari tanggal 2, masih satu pulau tapi ga sampe sampe, ini gimana sih min? Mau dipakek ini. @JNECare @JNE_ID #jne #jneiduladha https://t.co/a615gEBLnG","2063923703206002925","https://pbs.twimg.com/media/HKSHq7paMAAiQ5_.jpg","","in","","0","4","0","https://x.com/syarif_soden/status/2063923703206002925","1202209995623788545","syarif_soden"
"2065661990530687389","2026-06-13T05:06:11.000Z","0","Hi @JNECare tolong dm dong, penting, makasih ya","2065661990530687389","","","in","","0","2","0","https://x.com/Algixgr/status/2065661990530687389","1850574641053765632","Algixgr"
"2065396162199494976","2026-06-12T11:29:52.000Z","0","Payah, jne. Kalo ngak kepaksa jangan mengunakan jne. Lemotttt
@JNECare https://t.co/Qzv8iFz2nz","2065396162199494976","https://pbs.twimg.com/media/HKnC3EqawAAAbOS.jpg","","in","","0","1","0","https://x.com/hello_amm/status/2065396162199494976","1802905648017055745","hello_amm"
"2061770325571125746","2026-06-02T11:22:06.000Z","0","tolong @JNECare bener kaga ini https://t.co/rYU8FvQpEA","2061770325571125746","https://pbs.twimg.com/media/HJzhLikaAAAk7yU.jpg","","in","","0","3","0","https://x.com/paranskrrtt/status/2061770325571125746","3277585693","paranskrrtt"
"2057065795897917572","2026-05-20T11:47:58.000Z","0","WOII @JNECare !! Ini kenapa setiap kirim order customer selalu dapet WA Nipu2 begini!, https://t.co/FBec9pK2Yx","2057065795897917572","https://pbs.twimg.com/media/HIwqHvQaYAALyuJ.jpg","","in","","0","3","0","https://x.com/RezekiBaru_/status/2057065795897917572","891140125224075266","RezekiBaru_"
"2060010898782367917","2026-05-28T14:50:46.000Z","0","Cek dm
@JNECare","2060010898782367917","","","tr","","0","4","0","https://x.com/abelprtama/status/2060010898782367917","910169107","abelprtama"
"2064258902573855005","2026-06-09T08:10:49.000Z","0","Ini paket gw dibobol sama orang2 lu diganti cuma sama kertas @JNECare @JNE_ID investigasi udah 12 hari ga ada update apa-apa tuh gimana ya? Mana diganti setengah pun engga. Seller buyer dah sama-sama rugi waktu, rugi barang, rugi uang, sekarang nambah tenaga","2064258902573855005","","","in","","0","5","0","https://x.com/peachyhamzzi/status/2064258902573855005","1262738537478152193","peachyhamzzi"
"2064888319981580322","2026-06-11T01:51:53.000Z","0","@JNECare paket saya JT67254743759 kemana iniiii. Udah pengiriman telat, pake segala alesan tidak ada penerima jam 21.38 padahal jelas² saya tungguin sampe jam 23.00 dan tidak ada konfirmasi by phone ataupun whatsapp padahal hp saya ON 24jam. JNE LELET, KACAUU!!!!!!","2064888319981580322","","JNECare","in","","0","1","0","https://x.com/planetariumm00/status/2064888319981580322","1419520706","planetariumm00"
"2061748278656647282","2026-06-02T09:54:29.000Z","0","ini kenapa ya? tolong tegur. saya udah kasih alamat lengkap dan suruh dikirim ke alfamart daerah sy. dan di daerah sy itu gada alfamart lagi selain ini. malah alasan alamat gak lengkap, tolong tegur @JNECare @JNE_ID https://t.co/wWluCiVvO1","2061748278656647282","https://pbs.twimg.com/media/HJzNITba0AAzRLd.jpg","","in","","0","3","0","https://x.com/mount_fiji/status/2061748278656647282","844964580526764032","mount_fiji"
"2063477119234257238","2026-06-07T04:24:17.000Z","0","Kindly check dm kaak
@JNECare","2063477119234257238","","","en","","0","3","0","https://x.com/iriyh_/status/2063477119234257238","1292008975630602240","iriyh_"
"2065023992965280099","2026-06-11T10:51:00.000Z","0","@JNECare jne trucking super lelet","2065023992965280099","","JNECare","en","","0","5","0","https://x.com/lukmanhayt/status/2065023992965280099","407112632","lukmanhayt"
"2060590044403093747","2026-05-30T05:12:05.000Z","0","i hate you @JNECare @JNE_ID","2060590044403093747","","","en","","0","1","0","https://x.com/buBBiyyyyyy/status/2060590044403093747","1183300777101512705","buBBiyyyyyy"
"2065915115078406220","2026-06-13T21:52:00.000Z","0","@JNECare cek dm min","2065915115078406220","","JNECare","in","","0","3","0","https://x.com/apalurr/status/2065915115078406220","1237324743541313536","apalurr"
"2061275275623793081","2026-06-01T02:34:57.000Z","0","memesan barang dr app oren dan dikirim pake jne, katanya delivered tp bukti pengiriman sama sekali bukan dirumah saya. alamat ini udah berkali kali dipake dan ga pernah salah, tolong responnya @JNECare :/","2061275275623793081","","","in","","0","3","0","https://x.com/silliemaxxer/status/2061275275623793081","1523228028054085632","silliemaxxer"
"2058517656224030879","2026-05-24T11:57:09.000Z","0","Kurir @JNE_ID @JNECare  💩💩💩 selalu kayak gtu kalau kita request pick up @ShopeeID @ShopeeCare , padahal ga ada kurir yg datang ataupun chat https://t.co/ghR7N1f2cN","2058517656224030879","https://pbs.twimg.com/media/HJFS5kXbMAADmRE.jpg","","in","","0","5","0","https://x.com/Adri_Dogerz/status/2058517656224030879","380861152","Adri_Dogerz"
"2059092331454951750","2026-05-26T02:00:42.000Z","0","Dear @JNE_ID @JNECare mana di mana paket saya No.resi 300440005577026?!
Knp DM malah nanya alamat?! Di paket dan di resi alamat dah tertera jelas loh!","2059092331454951750","","","in","","0","2","0","https://x.com/alicebooksshop/status/2059092331454951750","848463438359560192","alicebooksshop"
"2062137730033987743","2026-06-03T11:42:02.000Z","1","haloooo @JNE_ID @JNECare 
kenapa paket saya disobek lantas dilakban begini???
sopankah kalian membuka paketan customer seperti ini?
mentang² isinya barang kipop trus seenaknya dibuka &amp; jika official akan dicuri???
cc : @MediaKonsumenID https://t.co/ph5KlYS50w","2062137730033987743","https://pbs.twimg.com/media/HJ4vVUTawAAxSLH.jpg","","in","","0","2","0","https://x.com/yoonj_cherry/status/2062137730033987743","92045070","yoonj_cherry"
"2064211547849953406","2026-06-09T05:02:38.000Z","0","@zaloraidn @JNECare paket aku ga myampenyampe nih katanya alamat salah terus padahal sebelumnya pake alamat itu, gimana min?","2064211547849953406","","zaloraidn","in","","0","3","0","https://x.com/patmasetiawati/status/2064211547849953406","261095098","patmasetiawati"
"2060765664756056487","2026-05-30T16:49:56.000Z","0","Dear  @JNECare ini gue hard complain banget sih. ini nyokap gue kirim makanan pke jasa klian, pake yang sehari smpe, dikirim pagi sampenya barusan bgt jam 11. 4 toples kue kering penyok remuk sama kuenya. 2 thinwall isi rendang dan ketang pecah + benyek. tolong barang org dijaga!","2060765664756056487","","","in","","0","2","0","https://x.com/poloboloo/status/2060765664756056487","1250137947946414080","poloboloo"
"2065447323325648903","2026-06-12T14:53:10.000Z","0","Lagi pada kenapa sih kurirnya? @JNECare @JNE_ID","2065447323325648903","","","in","","0","3","0","https://x.com/snippetsofzet/status/2065447323325648903","1448467416","snippetsofzet"
"2065746483127955598","2026-06-13T10:41:55.000Z","0","@JNECare cdm kak","2065746483127955598","","JNECare","it","","0","3","0","https://x.com/sasakitokizu/status/2065746483127955598","1507733924562501634","sasakitokizu"
"2065266259135271350","2026-06-12T02:53:41.000Z","0","@JNECare cdm min","2065266259135271350","","JNECare","it","","0","5","0","https://x.com/lhgoldencakes/status/2065266259135271350","3378698352","lhgoldencakes"
"2064228016662987223","2026-06-09T06:08:05.000Z","0","@JNECare 4 hari laporan cuman bisa di koordinasi, update ga ada apa ga ada, kalo hilang ma hilang aja, gak 1-2x kok paket selalu bermasalah ataupun oknum yang nakal dari ekspedisi. gausah mempersulit orang lah 

jawaban template 4 hari, proses barang dr kota yang sama sampe 5 hr https://t.co/mwQsYue2mq","2064228016662987223","https://pbs.twimg.com/media/HKWcb7ZaAAAkRbK.jpg","JNECare","in","","0","6","0","https://x.com/Papermint_honey/status/2064228016662987223","1381624285396017156","Papermint_honey"
"2061699784243831056","2026-06-02T06:41:47.000Z","1","Halo @JNECare, paket saya TG7000941735 stuck di Gateway Jakarta sejak 14 Mei, sudah lebih dari 2 minggu tidak ada update. Tujuan Surabaya. Mohon bantuannya untuk dicek dan ditindaklanjuti. 🙏","2061699784243831056","","","in","","0","3","0","https://x.com/deanzaka/status/2061699784243831056","48463325","deanzaka"
"2060938736364589287","2026-05-31T04:17:39.000Z","0","halo kak, mau tanya untuk hari pancasila senin 1 juni apakah jne tetap buka di semua cabang? terima kasih @JNE_ID @JNECare","2060938736364589287","","","in","","0","2","0","https://x.com/STRANGESSUPREME/status/2060938736364589287","1447164141114777600","STRANGESSUPREME"
"2066476907328376862","2026-06-15T11:04:22.000Z","0","@JNECare min tolong check dm","2066476907328376862","","JNECare","en","","0","2","0","https://x.com/drftmi/status/2066476907328376862","1644931428793352193","drftmi"
"2065568066877145183","2026-06-12T22:52:58.000Z","0","cek dm min 🙏
@JNECare","2065568066877145183","","","in","","0","1","0","https://x.com/FathoniAkbar_/status/2065568066877145183","496944034","FathoniAkbar_"
"2060911582344020319","2026-05-31T02:29:45.000Z","0","cek dm @JNECare","2060911582344020319","","","tr","","0","3","0","https://x.com/bbangmilkty/status/2060911582344020319","372339531","bbangmilkty"
"2064244181451837912","2026-06-09T07:12:19.000Z","0","@JNECare Admin, tolong cek DM. Urgent min!","2064244181451837912","","JNECare","in","","0","4","0","https://x.com/fahrulilham10/status/2064244181451837912","2253731168","fahrulilham10"
"2063174575702335801","2026-06-06T08:22:05.000Z","0","jne ini apa""an sih paket dibawa kurir dari kmrn tp gak dianter"" malah keterangannya nobody at home @JNECare @JNE_ID","2063174575702335801","","","in","","0","2","0","https://x.com/awrakewla/status/2063174575702335801","1628403734014459905","awrakewla"
"2066369766743580984","2026-06-15T03:58:38.000Z","0","@JNECare cdm min","2066369766743580984","","JNECare","it","","0","1","0","https://x.com/huangzee_/status/2066369766743580984","1301331548772343808","huangzee_"
"2058828931785195733","2026-05-25T08:34:03.000Z","0","Min cek dm
@JNECare","2058828931785195733","","","in","","0","2","0","https://x.com/roarraroro/status/2058828931785195733","1045816518523506688","roarraroro"
"2062501789866533316","2026-06-04T11:48:40.000Z","0","Halo @JNE_ID @JNECare, ini gimana cerita nya kirim barang dari DEPOK ke TANGERANG transit nya di BANDUNG. 🤣🤣🤣 https://t.co/A6Cluu9O8n","2062501789866533316","https://pbs.twimg.com/media/HJ96D4hagAAWFQE.jpg","","in","","0","4","0","https://x.com/__Bedjo/status/2062501789866533316","431973848","__Bedjo"
"2062359228589932594","2026-06-04T02:22:11.000Z","0","info cara ngehubungin customer service jne buat tau lokasi gudang gimana yaa @JNECare","2062359228589932594","","","in","","0","3","0","https://x.com/alyahanifa___/status/2062359228589932594","1142825062157840386","alyahanifa___"
"2064212330771349970","2026-06-09T05:05:45.000Z","0","@zaloraidn @JNECare bantu pakettt saya min ini alamat salah terus, padahal sebelumnya alamatnya pake itu","2064212330771349970","","zaloraidn","in","","0","3","0","https://x.com/patmasetiawati/status/2064212330771349970","261095098","patmasetiawati"
"2065028972526686667","2026-06-11T11:10:48.000Z","1","Tolong cek dm kak @JNECare","2065028972526686667","","","in","","0","5","0","https://x.com/joyfullsis/status/2065028972526686667","1300017487531008000","joyfullsis"
"2058787572126830726","2026-05-25T05:49:42.000Z","0","tolong bales dm ya, kak. terima kasih. @JNECare","2058787572126830726","","","in","","1","1","0","https://x.com/singtwoyoo/status/2058787572126830726","921236763468734465","singtwoyoo"
"2063200459494682750","2026-06-06T10:04:56.000Z","0","pakai jne yes tapi ga gerak gerak nih udah 2 hari @JNECare resi: JY91548746679","2063200459494682750","","","in","","0","3","0","https://x.com/entrasyyy/status/2063200459494682750","2158645873","entrasyyy"
"2066192970215457049","2026-06-14T16:16:06.000Z","0","@JNECare cek dm buru","2066192970215457049","","JNECare","in","","0","2","0","https://x.com/beemilkfabb/status/2066192970215457049","996838490","beemilkfabb"
"2065271416791212214","2026-06-12T03:14:11.000Z","0","SAYA SUDAH TIDAK BISA MENUNGGU!!
JT67254743759 INSTRUKSIKAN PENGANTARAN SEKARANG JUGA ATAU SAYA MINTA REFUND 100% !!!!
@JNECare","2065271416791212214","","","in","","0","1","0","https://x.com/planetariumm00/status/2065271416791212214","1419520706","planetariumm00"
"2061033768698388968","2026-05-31T10:35:17.000Z","0","paket saya statusnya gagal kirim, dijadwalkan ulang hari ini, tapi belum dikirim juga, padahal batas waktu pengiriman luar jabodetabek udah lewat. gimana ini?? @JNE_ID @JNECare @ShopeeID","2061033768698388968","","","in","","0","3","0","https://x.com/chocomatcha_ice/status/2061033768698388968","847769972533116929","chocomatcha_ice"
"2066504024871055689","2026-06-15T12:52:07.000Z","0","@tokopedia @TokopediaCare @JNECare 

Pesanan tokopedia baru dipickup kurir JNE, ga lama ada penipu yg mengirim pesan WA berisi data resi dengan modus paket hilang dan mengirimkan link phising untuk refund, lalu diminta OTP.
Kok bisa terjadi kebocoran data seperti ini? Parah bgt. https://t.co/BguuQfkP6p","2066504024871055689","https://pbs.twimg.com/media/HK2ydIoa0AAvBuv.jpg","tokopedia","in","","0","0","0","https://x.com/dsia_official/status/2066504024871055689","1423919287182393352","dsia_official"
"2064321322126393433","2026-06-09T12:18:51.000Z","0","Paket dari pagi sudah dibawa kurir sampai jam 7 malam skrg blm datang? Mau sampai kapan? Lebaran monyet?
@JNECare","2064321322126393433","","","in","","0","4","0","https://x.com/keongsumur/status/2064321322126393433","79733209","keongsumur"
"2061029140976054608","2026-05-31T10:16:53.000Z","0","Min cek DM terkait paket saya yg belum sampe juga tolong dibantu gimana kejelasannya ini @JNE_ID @JNECare","2061029140976054608","","","in","","0","1","0","https://x.com/chocomatcha_ice/status/2061029140976054608","847769972533116929","chocomatcha_ice"
"2060628466262044989","2026-05-30T07:44:45.000Z","0","cdm dong min @JNECare","2060628466262044989","","","in","","0","2","0","https://x.com/pxouty/status/2060628466262044989","556918877","pxouty"
"2064318320229425180","2026-06-09T12:06:55.000Z","0","@JNECare kindly check dm ya min","2064318320229425180","","JNECare","en","","0","5","0","https://x.com/dalkyumie/status/2064318320229425180","1464831070428348419","dalkyumie"
"2061322733108298039","2026-06-01T05:43:31.000Z","1","Tolong bantu up/RT @JNE_ID @JNECare. Paket saya dari Solo ke Ponorogo diduga dibobol oknum dan isi barang hilang.
​
​#JNE #JNEkecewa #JNEhilang #pelayananpublik #kriminal #soloinfo https://t.co/Qzkump7xij","2061322733108298039","https://pbs.twimg.com/media/HJtKAd-bcAAi0en.jpg","","in","","0","7","0","https://x.com/AmmanAdjib/status/2061322733108298039","1905416071693434882","AmmanAdjib"
"2062555569018520005","2026-06-04T15:22:22.000Z","2","Kenapa sih updatenya lama?! @JNECare 
Yakali masa ga ada updatenya ckckck https://t.co/yt8mDkH5TL","2062555569018520005","https://pbs.twimg.com/media/HJ-rWzoasAEozEc.jpg","","in","","0","4","0","https://x.com/crue3ll4a/status/2062555569018520005","772829826","crue3ll4a"
"2065357948097053066","2026-06-12T08:58:01.000Z","0","080890003348626 
Bogor - Jakarta pakai YES hingga detik ini belum smpi (sdh tiga hari). Percuma pakai YES 🖕 @JNE_ID @JNECare","2065357948097053066","","","in","","0","4","0","https://x.com/Campustaka_Jkt/status/2065357948097053066","931005052252123136","Campustaka_Jkt"
"2059594699435077979","2026-05-27T11:16:56.000Z","0","Min cdm
@JNECare","2059594699435077979","","","it","","0","2","0","https://x.com/utdprongs/status/2059594699435077979","1971580226997284865","utdprongs"
"2066138143829721416","2026-06-14T12:38:15.000Z","0","@JNECare paket saya udah sampai di JNE terdekat dari tanggal 12 dan udah mau di kirim dari tanggal 13 tapi dicancel (katanya karena alamat ga jelas) &amp; hari ini di kirim ulang &amp; di cancel lagikarena ga bisa di hub padahal ga ada sama sekali nomor kurir yang nelpon. jd gimana nih?!","2066138143829721416","","JNECare","in","","0","1","0","https://x.com/nanaz9111/status/2066138143829721416","2018975502745456641","nanaz9111"
"2064843874053611532","2026-06-10T22:55:17.000Z","0","@JNECare cdm","2064843874053611532","","JNECare","und","","0","3","0","https://x.com/itsmemeiy/status/2064843874053611532","1596999332401905664","itsmemeiy"
"2065623209203183624","2026-06-13T02:32:05.000Z","0","@JNECare halo cek dm","2065623209203183624","","JNECare","in","","0","4","0","https://x.com/gemiyni/status/2065623209203183624","985307564505092096","gemiyni"
"2064917910376865985","2026-06-11T03:49:28.000Z","0","@JNE_ID @JNECare pake kiriman saya udh 3hari stuck aja dijkt min","2064917910376865985","","JNE_ID","in","","1","4","0","https://x.com/Megowarsianto/status/2064917910376865985","190951252","Megowarsianto"
"2064975296395399348","2026-06-11T07:37:30.000Z","0","halo @JNECare tlg buka dm, makasih","2064975296395399348","","","in","","0","5","0","https://x.com/lutpinnbl/status/2064975296395399348","1175068899324256256","lutpinnbl"
"2057780393605284246","2026-05-22T11:07:32.000Z","0","Cek DM min @JNECare","2057780393605284246","","","in","","0","2","0","https://x.com/WisnuRdt/status/2057780393605284246","29611925","WisnuRdt"
"2065728284072230929","2026-06-13T09:29:36.000Z","0","@JNECare @JNE_ID cek ongkir kargo min","2065728284072230929","","JNECare","in","","0","2","0","https://x.com/qaitoqid/status/2065728284072230929","1911731696917196800","qaitoqid"
"2065395453282377838","2026-06-12T11:27:03.000Z","1","Saya belum menerima Paket kiriman dg Resi nomer
0117582600527532

Disebutkan bahwa Paket sudah DELIVERED tgl 10 Juni 2026 sore diterima oleh Poenk Seto ( a.n saya ) sendiri
TETAPI pada saat itu saya berada di luar kota 

Bolehkah saya minta Foto Penerimaan Paket tsb

@JNECare","2065395453282377838","","","in","","0","1","0","https://x.com/San_Ngali/status/2065395453282377838","1762797263146143745","San_Ngali"
"2065996108732788877","2026-06-14T03:13:51.000Z","0","Tlg cek dm @JNECare","2065996108732788877","","","in","","0","2","0","https://x.com/batterdays_/status/2065996108732788877","958577344066867200","batterdays_"
"2061015663590932741","2026-05-31T09:23:20.000Z","0","ini kok cek resi gabisa siii? yg bener aja min
@JNECare","2061015663590932741","","","in","","0","1","0","https://x.com/yiilsoe/status/2061015663590932741","546782324","yiilsoe"
"2065689814595485728","2026-06-13T06:56:45.000Z","0","tolong dong pengiriman paketnya dipercepat, gausah sok sokan adain layanan same day kalau udah 3 hari belum sampe ke penerima. kecewa sumpah @JNECare","2065689814595485728","","","in","","0","1","0","https://x.com/sungchanjowo/status/2065689814595485728","1981369700883087360","sungchanjowo"
"2063563115044946397","2026-06-07T10:06:00.000Z","0","Dear @JNECare 

Saya mengirimkan dokumen dari Bandung dengan informasi bahwa dokumen bisa sampai dalam 1 hari dan dapat diambil langsung di kantor JNE Semarang.

Hari ini saya datang ke JNE Center Semarang di Jalan Kyai Saleh untuk mengambil dokumen tersebut.","2063563115044946397","","","in","","0","7","0","https://x.com/ashbulbasaur/status/2063563115044946397","2323438416","ashbulbasaur"
"2066363241899741515","2026-06-15T03:32:42.000Z","0","@JNECare halo ka boleh dibantu cek dm","2066363241899741515","","JNECare","in","","0","0","0","https://x.com/skyblueyou_/status/2066363241899741515","1802345976323346432","skyblueyou_"
"2065764243035812220","2026-06-13T11:52:30.000Z","0","cdm kak
@JNECare","2065764243035812220","","","it","","0","1","0","https://x.com/kusaaa_ww/status/2065764243035812220","1899110067846459392","kusaaa_ww"
"2065436384111030612","2026-06-12T14:09:42.000Z","0","@JNECare ini saya bengong depan pintu seharian gada tuh kurir ketok2, kok bisa bisanya alesan penerima gada di lokasi?!!! https://t.co/bvppEDWCFu","2065436384111030612","https://pbs.twimg.com/media/HKnncXfb0AAzTvw.jpg","JNECare","in","","0","4","0","https://x.com/pganda/status/2065436384111030612","1367846744042602499","pganda"
"2064697167219220714","2026-06-10T13:12:19.000Z","0","Hei @JNE_ID @JNECare  pengiriman dr Halim ke kota Bekasi aj knp dibawa muter2 dulu sih, sering bgt kek gini, tolong di follow up !! https://t.co/U0oVX3DvMW","2064697167219220714","https://pbs.twimg.com/media/HKdHIP0bMAAzTIZ.jpg","","in","","0","4","0","https://x.com/antarejha/status/2064697167219220714","121366905","antarejha"
"2065093682362200102","2026-06-11T15:27:56.000Z","1","@JNECare tolong cek pengiriman brg yg tidak sampai ke saya yg harusnya dikirim malam ini oleh #JTR malah dibawa lagi dng alasan saya tdk di rumah. Biasanya jg ditaruh di teras. Saya perlu banget barang2 tsb!! #fyp #kurirJNE #JNE #ekspedisiJNE","2065093682362200102","","JNECare","in","","0","3","0","https://x.com/auroraribka/status/2065093682362200102","170539179","auroraribka"
"2064622346951111122","2026-06-10T08:15:00.000Z","0","Hallo JNE, paketku stuck di lokasi transit Tegal. Kapan kira2 di kirim. 
@JNECare","2064622346951111122","","","in","","0","5","0","https://x.com/Rinrin53223729/status/2064622346951111122","1124656383817728003","Rinrin53223729"
"2064740191798194216","2026-06-10T16:03:17.000Z","0","JNE kenpa ya kok stuck di cilacap dari 2 hari yang lalu?
@JNECare","2064740191798194216","","","in","","0","3","0","https://x.com/tigfhnari/status/2064740191798194216","1255062320671125504","tigfhnari"
"2064529742825750743","2026-06-10T02:07:02.000Z","0","kakkk @JNECare cek dm","2064529742825750743","","","in","","1","1","0","https://x.com/amorasei/status/2064529742825750743","1478542408140738560","amorasei"
"2065249599250686065","2026-06-12T01:47:29.000Z","0","@JNECare tolong cek DM","2065249599250686065","","JNECare","in","","0","3","0","https://x.com/lilokookie/status/2065249599250686065","1392033131318824965","lilokookie"
"2065287197478285483","2026-06-12T04:16:53.000Z","0","@JNECare tolong cek DM min, makasih","2065287197478285483","","JNECare","in","","0","2","0","https://x.com/poetry265/status/2065287197478285483","1836448542606659587","poetry265"
"2063622590183391260","2026-06-07T14:02:20.000Z","0","haloo @JNECare ini kenapaa dari tgl 6 shipment problem terus ya, terus aku liat kok malah ke mijen??? padahal kodeposnya aja kodepos tembalang🥲🥲🥲🥲🥲🥲 pdhl barang dikirim dari tanggal 4 huhu https://t.co/8WtE6gXQ90","2063622590183391260","https://pbs.twimg.com/media/HKN1zdBbIAA0_HY.jpg","","in","","0","3","0","https://x.com/runiyay/status/2063622590183391260","1581556295718432768","runiyay"
"2065716653988679755","2026-06-13T08:43:24.000Z","0","@JNECare cdm lgi minn","2065716653988679755","","JNECare","in","","0","3","0","https://x.com/Jayoor_/status/2065716653988679755","1302516848605364229","Jayoor_"
"2064889192694595735","2026-06-11T01:55:21.000Z","0","dm, nunggu paket dari tanggal 26 ampe skrg belom nyampe 
@JNECare","2064889192694595735","","","in","","0","4","0","https://x.com/Kevintangdi/status/2064889192694595735","1714733417361985536","Kevintangdi"
"2064507394286374924","2026-06-10T00:38:14.000Z","0","@JNECare min cek dm ya","2064507394286374924","","JNECare","in","","0","6","0","https://x.com/euapsroa/status/2064507394286374924","4343238384","euapsroa"
"2060194181751136545","2026-05-29T02:59:04.000Z","0","min tolong cek dm
@JNECare","2060194181751136545","","","in","","0","1","0","https://x.com/flordelluvia__/status/2060194181751136545","352839398","flordelluvia__"
"2065074898142376356","2026-06-11T14:13:17.000Z","0","Cek DM min @JNECare","2065074898142376356","","","in","","0","1","0","https://x.com/belagawaraz/status/2065074898142376356","1715491836301869056","belagawaraz"
"2064234830024610139","2026-06-09T06:35:09.000Z","2","@JNECare yang bener aja lu pada, gue kirim paket dari dua hari lalu dari bekasi buat ke surabaya, sampe sekarang itu paket masih stuck di agen awal, pdhl estimasi sampe 2 hari","2064234830024610139","","JNECare","in","","0","3","0","https://x.com/coeurvieve/status/2064234830024610139","1063510168049090560","coeurvieve"
"2065273721703768472","2026-06-12T03:23:20.000Z","0","@JNECare cek dm","2065273721703768472","","JNECare","tr","","0","4","0","https://x.com/vouzmevoyezi/status/2065273721703768472","2257138302","vouzmevoyezi"
"2064695933548544282","2026-06-10T13:07:25.000Z","0","Cek DM dong @JNECare","2064695933548544282","","","in","","0","5","0","https://x.com/addi_an/status/2064695933548544282","412734539","addi_an"
"2064880988476637550","2026-06-11T01:22:45.000Z","0","Min @JNECare alamat Kantor JNE Gresik yg dimana ya ???","2064880988476637550","","","in","","0","2","0","https://x.com/ihsan_riz/status/2064880988476637550","817899649075818496","ihsan_riz"
"2065605842003763276","2026-06-13T01:23:04.000Z","0","@JNECare Lelet Ah bagong","2065605842003763276","","JNECare","in","","0","2","0","https://x.com/Rancamanyar33/status/2065605842003763276","1697951597916282880","Rancamanyar33"
"2065736164376768771","2026-06-13T10:00:55.000Z","0","jne lg kenapa dah paketnya lama bgt stuck??? @JNECare","2065736164376768771","","","in","","0","1","0","https://x.com/maspiyuori1/status/2065736164376768771","1211607281252495360","maspiyuori1"
"2066310295077924888","2026-06-15T00:02:19.000Z","0","@JNECare
min paketku tulisannya udh dikirim dri lokasi transit jakarta, sampe mlg kpn yaaaa jujur ni udh mepet bgttt tkutt bgtt g sampe, isinya koper dan saya berangkat sabtu tgl 20 min","2066310295077924888","","JNECare","in","","0","1","0","https://x.com/lau2reeee/status/2066310295077924888","1614160980824719362","lau2reeee"
"2065673909073334398","2026-06-13T05:53:32.000Z","0","@JNECare min cdm","2065673909073334398","","JNECare","it","","0","4","0","https://x.com/Jayoor_/status/2065673909073334398","1302516848605364229","Jayoor_"
"2064647583465881611","2026-06-10T09:55:17.000Z","0","@JNECare min min tolong cek dmku dong","2064647583465881611","","JNECare","in","","0","3","0","https://x.com/jenowangi/status/2064647583465881611","1237260669688283137","jenowangi"
"2064834761160532410","2026-06-10T22:19:04.000Z","0","@JNECare cek dm pls","2064834761160532410","","JNECare","in","","0","4","0","https://x.com/ripnchips/status/2064834761160532410","864238944","ripnchips"
"2065279555724808315","2026-06-12T03:46:31.000Z","0","@JNECare tolong dicek dm nya, paket saya gk bergerak!","2065279555724808315","","JNECare","in","","0","4","0","https://x.com/zekigaki/status/2065279555724808315","579093615","zekigaki"
"2061414192209592343","2026-06-01T11:46:57.000Z","0","Min @JNECare  kok paket saya belum sampai""","2061414192209592343","","","in","","0","2","0","https://x.com/Willylf/status/2061414192209592343","142202198","Willylf"
"2054466029519253758","2026-05-13T07:37:26.000Z","0","Wah kapok pake jne ga lagi2 deh @JNECare","2054466029519253758","","","in","","0","4","0","https://x.com/febfebbu/status/2054466029519253758","1109081538379964417","febfebbu"
"2064872844954329400","2026-06-11T00:50:24.000Z","1","halo @JNECare paket saya statusnya delivered tapi tidak pernah sampai di depan rumah saya. saya mau minta foto bukti pengiriman malah tidak bisa dikirimkan. mohon bantuannya","2064872844954329400","","","in","","0","4","0","https://x.com/ragingdawned/status/2064872844954329400","1889521295299375104","ragingdawned"
"2065394587070562520","2026-06-12T11:23:37.000Z","0","@JNECare JNE Trucking ini emg lelet bgt ya anjir, dari tgl 7 sampe skrg blm sampe2 juga.","2065394587070562520","","JNECare","in","","0","4","0","https://x.com/ndksn_/status/2065394587070562520","1074293954617593856","ndksn_"
"2063864772060410285","2026-06-08T06:04:41.000Z","0","Halo @JNECare @JNE_ID 
Saya kirim paket pake YES tanggal 6 pagj. Dan sampai tanggal 8 siang ini belum dateng. Saya sudah berhubungan dengan customer service dan hanya disuruh menunggu tanpa kejelasan waktu yang tepat kapan paket datang.","2063864772060410285","","","in","","0","1","0","https://x.com/nistirsyiwilin/status/2063864772060410285","1787707696747257856","nistirsyiwilin"
"2065587317549699506","2026-06-13T00:09:27.000Z","0","@JNECare kalau paket kita salah dikirim sama kurirnya saya harus nanya ke siapa? Alamatnya benar, status terkirim, tapi di photo itu bukan rumah saya. Nggak tau rumah siapa.","2065587317549699506","","JNECare","in","","0","2","0","https://x.com/DomiiaPs28/status/2065587317549699506","1895469651385311232","DomiiaPs28"
"2061748954434539699","2026-06-02T09:57:10.000Z","0","min @JNECare @JNE_ID kok paket aku stuck ya dari tgl 31 sampe sekarang ga ada update? https://t.co/XVChqXRUnQ","2061748954434539699","https://pbs.twimg.com/media/HJzNvsPa0AA6oW1.jpg","","in","","1","1","0","https://x.com/cremevanila/status/2061748954434539699","1080454445547216896","cremevanila"
"2064964163571712202","2026-06-11T06:53:16.000Z","0","@JNECare jne bisa cod ga min?","2064964163571712202","","JNECare","in","","0","4","0","https://x.com/lylayla_/status/2064964163571712202","128473624","lylayla_"
"2065924974108623022","2026-06-13T22:31:11.000Z","0","@JNECare tlg cek dm","2065924974108623022","","JNECare","in","","0","1","0","https://x.com/Odette_Aslanbey/status/2065924974108623022","1947552431287767041","Odette_Aslanbey"
"2065347647506985217","2026-06-12T08:17:06.000Z","2","Pernah dapat WA kalo paket kita nyasar, hilang, tertukar kemudian meminta capture transaksi? Apakah memang ada sindikat penjahatnya di?@JNE_ID
@JNECare https://t.co/sOR5uIPwna","2065347647506985217","https://pbs.twimg.com/media/HKmWvK9aQAALEN9.jpg","","in","","0","4","0","https://x.com/dpubali1/status/2065347647506985217","1176960574258696192","dpubali1"
"2065770428942147663","2026-06-13T12:17:05.000Z","1","halo min @JNECare boleh dibantu cek dm🙏🏼 terimakasih","2065770428942147663","","","in","","0","2","0","https://x.com/trashtalkin80/status/2065770428942147663","1912771957533339648","trashtalkin80"
"2057266997709406339","2026-05-21T01:07:29.000Z","0","Halo @JNECare ini gimana sih paketku ngestuck dri kemaren wkwk lama pengirimannya padahal butuh cepet buat dipake pas acara.","2057266997709406339","","","in","","0","4","0","https://x.com/pinksswift/status/2057266997709406339","949592402","pinksswift"
"2064182482275307789","2026-06-09T03:07:09.000Z","0","WOY @JNECare 

PAKET EMAS GUE DARI UBS DIBOBOL","2064182482275307789","","","in","","0","3","0","https://x.com/chocomoonster/status/2064182482275307789","1955292145415491585","chocomoonster"
"2066124491160494349","2026-06-14T11:44:00.000Z","0","@JNECare paket saya udah sampe JNE terdekat dari tgl 10, kenapa sampe sekarang belum dikirim juga ya min?","2066124491160494349","","JNECare","in","","0","1","0","https://x.com/baechira/status/2066124491160494349","1295688258286837760","baechira"
"2066144900878586204","2026-06-14T13:05:06.000Z","0","@JNECare min, boleh cek resi ga? lupa, kertasnya hilang","2066144900878586204","","JNECare","in","","0","1","0","https://x.com/nep7unus/status/2066144900878586204","76875086","nep7unus"
"2060604201021915217","2026-05-30T06:08:20.000Z","0","cek resi ini dong CM40471142604
@JNECare","2060604201021915217","","","in","","0","3","0","https://x.com/anggaalhafiizh/status/2060604201021915217","388838677","anggaalhafiizh"
"2064280450630300090","2026-06-09T09:36:26.000Z","0","@JNECare setelah tau pengiriman pke jne lg jd was was, knp sih shoppe msh kerja sm lg sm jne, ini pket ga sampe2, gila aja ini kurir, dlu pket saya juga di maling sm kurir jne","2064280450630300090","","JNECare","in","","0","4","0","https://x.com/fernando_rez/status/2064280450630300090","1230930259496751104","fernando_rez"
"2059468683169366409","2026-05-27T02:56:11.000Z","0","haii @JNECare kenapa paket Shopee saya belum di pickup yaa, padahal jadwal pickup kemaren, tolong yaa","2059468683169366409","","","in","","0","1","0","https://x.com/luvbypiranha/status/2059468683169366409","1777237573750181888","luvbypiranha"
"2065078931523588107","2026-06-11T14:29:19.000Z","0","@JNECare tolong cek dm min 😔😔😔😔😔😔","2065078931523588107","","JNECare","in","","0","1","0","https://x.com/si2uations/status/2065078931523588107","1964704028664934401","si2uations"
"2066053400094183712","2026-06-14T07:01:30.000Z","0","Bobrok banget @JNECare @JNE_ID @JNE_PADANG 

PAKAI SERVICE YES PDG-CGK MAHAL MAHAL DENGAN TAGLINE ""YAKIN ESOK SAMPAI"" 

KENTUTTTT, LEBIH DARI ESTIMASI LALU CLAIM YES GAGAL, CUMA JANJI JANJI KAYA PEJABAT

@JNECare @JNE_ID SELESAIKAN","2066053400094183712","","","in","","0","4","1","https://x.com/gabisaSebentar/status/2066053400094183712","1453789459","gabisaSebentar"
"2066013080434479181","2026-06-14T04:21:17.000Z","0","paketku gagal dikirim dan sampe skrg ga dicoba kirim lagi udah 2 hari ini gimana???? @JNECare","2066013080434479181","","","in","","0","3","0","https://x.com/mandasulii/status/2066013080434479181","1163778978768797696","mandasulii"
"2065711085550960841","2026-06-13T08:21:16.000Z","0","@JNECare min mau tanya, untuk paket ke philipines, apakah bisa ngirim ke quezon city, metro manila, philipines? Sama ada beberapa pertanyaan
1. Apakah harus pakai kardus? Klo iya maksimal volume berapa?
2. Selain commercial invoice, untuk asuransi apalagi yg dibutuhkan?
Thank you","2065711085550960841","","JNECare","in","","0","2","0","https://x.com/clarichiii/status/2065711085550960841","4266592585","clarichiii"
"2060134788816834761","2026-05-28T23:03:03.000Z","0","Cek dem @JNECare paket ku stuck di Surabaya sampai sekarang belum gerak","2060134788816834761","","","in","","0","2","0","https://x.com/marfi_12/status/2060134788816834761","1264473018266337280","marfi_12"
"2059544006263243010","2026-05-27T07:55:30.000Z","0","Min @JNECare 
TOCO260526181725

Paket dengan nomor resi ini sudah sampai dimana ya?","2059544006263243010","","","in","","0","2","0","https://x.com/Atmoprawiro26/status/2059544006263243010","710487281958854656","Atmoprawiro26"
"2060732094129783260","2026-05-30T14:36:32.000Z","0","cek dm brayyy @JNECare","2060732094129783260","","","in","","0","3","0","https://x.com/rowwwbyyy/status/2060732094129783260","1133779974022868992","rowwwbyyy"
"2065692974294687791","2026-06-13T07:09:18.000Z","0","@JNECare Ngampelsari sabtu minggu memang tutup kah?","2065692974294687791","","JNECare","in","","0","4","0","https://x.com/aktshnnm_/status/2065692974294687791","1643265839200890880","aktshnnm_"
"2064613857012961299","2026-06-10T07:41:16.000Z","0","Halo @JNECare  resi JNAP-1061446836 kok belum sampai alamat ya mohon di bantu","2064613857012961299","","","in","","0","8","0","https://x.com/jersey_ciamikk/status/2064613857012961299","3098222576","jersey_ciamikk"
"2064573725983555770","2026-06-10T05:01:48.000Z","0","@JNECare aku mau lacak paket kok gabisa dicek yah? bisa dibantu gak?","2064573725983555770","","JNECare","in","","0","7","0","https://x.com/wonoblee/status/2064573725983555770","1152965942223093760","wonoblee"
"2066160282536472684","2026-06-14T14:06:13.000Z","0","ka cek dm
@JNECare","2066160282536472684","","","in","","0","2","0","https://x.com/bubyyybaby/status/2066160282536472684","1211903460129435649","bubyyybaby"
"2064871834366128562","2026-06-11T00:46:23.000Z","0","Gerai JNE Memudahkan Warga untuk Mengirim Dokumen dan Paket di Dalam Negeri dan ke Luar Negeri - https://t.co/Sa78Jp7Mr0 @JNE_ID @JNECare #GeraiJNE @YLKI_ID","2064871834366128562","","","in","","0","1","0","https://x.com/infokespro/status/2064871834366128562","98528364","infokespro"
"2065622144705524091","2026-06-13T02:27:51.000Z","0","@JNECare jawab bagong sia poho login akun ? https://t.co/1LDdoju9lL","2065622144705524091","https://pbs.twimg.com/media/HKqQY-4bsAAZwDV.jpg","JNECare","in","","0","1","0","https://x.com/Rancamanyar33/status/2065622144705524091","1697951597916282880","Rancamanyar33"
"2066370593176580455","2026-06-15T04:01:55.000Z","0","@JNECare kok ini cek resi jne gabisa di tracking ya:(","2066370593176580455","","JNECare","in","","0","0","0","https://x.com/giorangisuke/status/2066370593176580455","1488504468903985153","giorangisuke"
"2062535115453166037","2026-06-04T14:01:06.000Z","1","kontrol ke RS bhakti asih tapi karna obatnya nunggu lama, akhirnya minta kirim pake JNE @JNECare @JNE_ID ehhh obat nyokap guee malah di bikin nyasar.. padahal ini OBAT loh, harus di minum malem ini, orang JNE yang di bhakti asih bilang sampe malem ini, nyatanya NYASAR LOLL","2062535115453166037","","","in","","0","2","1","https://x.com/Euissofyan/status/2062535115453166037","903148100","Euissofyan"
"2066067224251834601","2026-06-14T07:56:26.000Z","0","@JNECare min cdmmm","2066067224251834601","","JNECare","it","","0","3","0","https://x.com/Jayoor_/status/2066067224251834601","1302516848605364229","Jayoor_"
"2064250987813224699","2026-06-09T07:39:22.000Z","0","@JNECare ini paket saya dengan nomor resi ini stuck ga jalan2 CM43844848332 coba disegerakan ya kak..makasih","2064250987813224699","","JNECare","in","","0","5","0","https://x.com/NaufalJova/status/2064250987813224699","1559870189285453825","NaufalJova"
"2060560316921159962","2026-05-30T03:13:57.000Z","1","sudah seminggu paket aku ga dipick up sama kurir JNE terakhir update tanggal 26 sekarang sudah 30 😡 sudah adu ke cs @ShopeeID dan dm @JNECare @JNE_ID dari kemarin kemarin tapi sampai sekarang gaada solusi 😡 ekspedisi busuk 👊🏻","2060560316921159962","","","in","","0","3","0","https://x.com/suchduchie/status/2060560316921159962","1589670916769779746","suchduchie"
"2061975026237358226","2026-06-03T00:55:30.000Z","0","bener bener lu ye @JNECare","2061975026237358226","","","tr","","0","2","0","https://x.com/suchduchie/status/2061975026237358226","1589670916769779746","suchduchie"
"2062807984229769435","2026-06-05T08:05:23.000Z","0","gue banyak banget masalah sama lo sumpah ☺️ @JNECare","2062807984229769435","","","in","","1","4","0","https://x.com/suchduchie/status/2062807984229769435","1589670916769779746","suchduchie"
"2058216543138496953","2026-05-23T16:00:38.000Z","0","Cek DM dong, Min. @JNECare","2058216543138496953","","","in","","0","3","0","https://x.com/Penelovie/status/2058216543138496953","1964306476908089344","Penelovie"
"2065236343639433515","2026-06-12T00:54:49.000Z","0","Kapok banget dah pake ni ekspedisi @JNECare gak ada perubahan sama sekali. Paket gw udah satu minggu lebih gak sampai-sampai.","2065236343639433515","","","in","","0","4","0","https://x.com/akkkk1990/status/2065236343639433515","1556891180629397504","akkkk1990"
"2062793052696228130","2026-06-05T07:06:03.000Z","0","Hi kak, resi saya kebuang sebelum sempat mencatat nomornya. Apakah bisa dibantu untuk info nomor resinya? @JNECare saya kirim detailnya di DM ya","2062793052696228130","","","in","","0","6","0","https://x.com/dongvelyy/status/2062793052696228130","1112880764058722304","dongvelyy"
"2064889417178001427","2026-06-11T01:56:15.000Z","0","@JNECare halo, admin. Paket saya sudah dua hari belum sampai karena kurir mengantar TENGAH MALAM. Semalam saat saya tunggu katanya diantar dan tidak ada orang padahal tidak ada kurir datang. Ini bagaimana ya? Barangnya sudah mau dipakai loh.","2064889417178001427","","JNECare","in","","1","4","0","https://x.com/ANARCHODES/status/2064889417178001427","1757071354816495616","ANARCHODES"
